,Pais,Ciudad,Gini,ciudad pais,latlon,lat,lon
0,Austria,Vienna,0.27,Vienna Austria,N 48° 12′ 30''E 16° 22′ 19'',48.208333333333336,16.371944444444445
1,Austria,Graz,0.27,Graz Austria,N 47° 4′ 0''E 15° 27′ 0'',47.06666666666667,15.45
2,Austria,Linz,0.25,Linz Austria,N 48° 18′ 23''E 14° 17′ 10'',48.30638888888888,14.286111111111111
3,Bélgica,Antwerp,0.3,Antwerp Bélgica,N 51° 13′ 13''E 4° 24′ 0'',51.22027777777778,4.4
4,Bélgica,Gent,0.29,Gent Bélgica,N 51° 3′ 0''E 3° 43′ 0'',51.05,3.716666666666667
5,Bélgica,Liege,0.31,Liege Bélgica,N 50° 38′ 1''E 5° 34′ 3'',50.63361111111111,5.5675
6,Canada,Toronto,0.41,Toronto Canada,N 43° 42′ 23''W 79° 23′ 55'',43.70638888888889,-79.39861111111112
7,Canada,Montreal,0.35,Montreal Canada,N 45° 30′ 31''W 73° 35′ 16'',45.50861111111111,-73.58777777777777
8,Canada,Vancouver,0.4,Vancouver Canada,N 49° 14′ 58''W 123° 7′ 9'',49.24944444444444,-123.11916666666666
9,Canada,Calgary,0.45,Calgary Canada,N 51° 3′ 0''W 114° 5′ 7'',51.05,-114.08527777777778
10,Canada,Winnipeg,0.36,Winnipeg Canada,N 49° 53′ 3''W 97° 8′ 49'',49.884166666666665,-97.14694444444446
11,Canada,Hamilton,0.34,Hamilton Canada,N 43° 15′ 0''W 79° 50′ 58'',43.25,-79.84944444444444
12,Canada,London,0.35,London Canada,N 42° 59′ 0''W 81° 13′ 58'',42.983333333333334,-81.23277777777778
13,Canada,Halifax,0.34,Halifax Canada,N 44° 38′ 33''W 63° 34′ 36'',44.6425,-63.57666666666667
14,Canada,Victoria,0.35,Victoria Canada,N 48° 26′ 9''W 123° 21′ 5'',48.43583333333333,-123.35138888888888
15,Canada,Windsor,0.36,Windsor Canada,N 42° 18′ 0''W 83° 0′ 59'',42.3,-83.01638888888888
16,Canada,Saskatoon,0.36,Saskatoon Canada,N 52° 7′ 56''W 106° 40′ 8'',52.132222222222225,-106.66888888888889
17,Canada,Sherbrooke,0.3,Sherbrooke Canada,N 45° 24′ 0''W 71° 53′ 56'',45.4,-71.89888888888889
18,Francia,Paris,0.33,Paris Francia,N 48° 51′ 12''E 2° 20′ 55'',48.85333333333333,2.3486111111111114
19,Francia,Lyon,0.28,Lyon Francia,N 45° 44′ 54''E 4° 50′ 48'',45.748333333333335,4.846666666666667
20,Francia,Toulouse,0.27,Toulouse Francia,N 43° 36′ 15''E 1° 26′ 37'',43.60416666666667,1.4436111111111112
21,Francia,Strasbourg,0.27,Strasbourg Francia,N 48° 35′ 2''E 7° 44′ 43'',48.58388888888889,7.745277777777778
22,Francia,Bordeaux,0.26,Bordeaux Francia,N 44° 50′ 25''W 0° 34′ 49'',44.84027777777778,-0.5802777777777778
23,Francia,Nantes,0.24,Nantes Francia,N 47° 13′ 2''W 1° 33′ 12'',47.217222222222226,-1.5533333333333335
24,Francia,Lille,0.28,Lille Francia,N 50° 37′ 58''E 3° 3′ 30'',50.632777777777775,3.058333333333333
25,Francia,Montpellier,0.28,Montpellier Francia,N 43° 36′ 39''E 3° 52′ 34'',43.61083333333333,3.8761111111111113
26,Francia,Saint-Etienne,0.25,Saint-Etienne Francia,N 45° 26′ 2''E 4° 23′ 24'',45.43388888888889,4.390000000000001
27,Francia,Rennes,0.25,Rennes Francia,N 48° 6′ 43''W 1° 40′ 27'',48.11194444444445,-1.6741666666666664
28,Francia,Grenoble,0.27,Grenoble Francia,N 45° 10′ 43''E 5° 42′ 53'',45.17861111111111,5.714722222222222
29,Francia,Toulon,0.26,Toulon Francia,N 43° 7′ 27''E 5° 55′ 42'',43.12416666666667,5.928333333333334
30,Francia,Marseille,0.29,Marseille Francia,N 43° 17′ 49''E 5° 22′ 51'',43.29694444444444,5.380833333333333
31,Francia,Nice,0.28,Nice Francia,N 43° 42′ 11''E 7° 15′ 57'',43.70305555555556,7.265833333333333
32,Francia,Rouen,0.27,Rouen Francia,N 49° 26′ 35''E 1° 5′ 57'',49.44305555555555,1.0991666666666666
33,Italia,Rome,0.32,Rome Italia,N 41° 53′ 30''E 12° 30′ 40'',41.891666666666666,12.511111111111111
34,Italia,Milan,0.31,Milan Italia,N 45° 27′ 51''E 9° 11′ 22'',45.46416666666667,9.189444444444444
35,Italia,Naples,0.32,Naples Italia,N 40° 51′ 7''E 14° 16′ 5'',40.85194444444445,14.268055555555556
36,Italia,Turin,0.33,Turin Italia,N 45° 4′ 13''E 7° 41′ 12'',45.07027777777778,7.6866666666666665
37,Italia,Palermo,0.3,Palermo Italia,N 38° 6′ 59''E 13° 21′ 48'',38.11638888888889,13.363333333333333
38,Italia,Genoa,0.3,Genoa Italia,N 44° 24′ 17''E 8° 56′ 39'',44.40472222222222,8.944166666666668
39,Italia,Florence,0.3,Florence Italia,N 43° 46′ 45''E 11° 14′ 46'',43.77916666666667,11.24611111111111
40,Italia,Bari,0.33,Bari Italia,N 41° 7′ 14''E 16° 52′ 11'',41.120555555555555,16.869722222222222
41,Italia,Bologna,0.31,Bologna Italia,N 44° 29′ 37''E 11° 20′ 19'',44.493611111111115,11.338611111111112
42,Italia,Catania,0.29,Catania Italia,N 37° 29′ 32''E 15° 4′ 13'',37.492222222222225,15.070277777777777
43,Italia,Venice,0.3,Venice Italia,N 45° 26′ 13''E 12° 19′ 57'',45.43694444444444,12.3325
44,Italia,Verona,0.31,Verona Italia,N 45° 26′ 18''E 10° 59′ 37'',45.43833333333333,10.993611111111111
45,Italia,Padua,0.31,Padua Italia,N 45° 24′ 28''E 11° 53′ 9'',45.407777777777774,11.885833333333332
46,Noruega,Oslo,0.27,Oslo Noruega,N 59° 54′ 45''E 10° 44′ 45'',59.9125,10.745833333333332
47,Portugal,Lisbon,0.4,Lisbon Portugal,N 38° 43′ 0''W 9° 8′ 0'',38.71666666666667,-9.133333333333333
48,Portugal,Porto,0.39,Porto Portugal,N 41° 8′ 58''W 8° 36′ 39'',41.14944444444444,-8.610833333333334
49,Suecia,Stockholm,0.3,Stockholm Suecia,N 59° 19′ 45''E 18° 4′ 7'',59.32916666666667,18.06861111111111
50,Suecia,Gothenburg,0.28,Gothenburg Suecia,N 57° 42′ 25''E 11° 58′ 0'',57.706944444444446,11.966666666666667
51,Suecia,Malmo,0.33,Malmo Suecia,N 55° 36′ 21''E 13° 0′ 2'',55.60583333333334,13.000555555555556
52,Estados Unidos,Dallas,0.41,Dallas Estados Unidos,N 32° 46′ 59''W 96° 48′ 24'',32.783055555555556,-96.80666666666666
53,Estados Unidos,Houston,0.43,Houston Estados Unidos,N 29° 45′ 47''W 95° 21′ 47'',29.763055555555557,-95.36305555555555
54,Estados Unidos,Atlanta,0.4,Atlanta Estados Unidos,N 33° 44′ 56''W 84° 23′ 16'',33.74888888888889,-84.38777777777779
55,Estados Unidos,San Diego,0.39,San Diego Estados Unidos,N 32° 42′ 56''W 117° 9′ 53'',32.71555555555556,-117.16472222222222
56,Estados Unidos,St. Louis,0.4,St. Louis Estados Unidos,N 38° 37′ 38''W 90° 11′ 52'',38.62722222222222,-90.19777777777779
57,Estados Unidos,Denver,0.37,Denver Estados Unidos,N 39° 44′ 20''W 104° 59′ 4'',39.73888888888889,-104.98444444444445
58,Estados Unidos,Orange,0.38,Orange Estados Unidos,N 33° 47′ 16''W 117° 51′ 11'',33.78777777777778,-117.85305555555556
59,Estados Unidos,Jackson (MO),0.38,Jackson (MO) Estados Unidos,N 39° 5′ 59''W 94° 34′ 42'',39.099722222222226,-94.57833333333333
60,Estados Unidos,Cuyahoga,0.39,Cuyahoga Estados Unidos,N 41° 29′ 58''W 81° 41′ 43'',41.49944444444444,-81.69527777777778
61,Estados Unidos,New Haven,0.43,New Haven Estados Unidos,N 41° 18′ 29''W 72° 55′ 41'',41.308055555555555,-72.92805555555556
62,Estados Unidos,Sacramento,0.39,Sacramento Estados Unidos,N 38° 34′ 53''W 121° 29′ 39'',38.581388888888895,-121.49416666666667
63,Estados Unidos,Milwaukee,0.39,Milwaukee Estados Unidos,N 43° 2′ 20''W 87° 54′ 23'',43.038888888888884,-87.9063888888889
64,Estados Unidos,Salt Lake,0.36,Salt Lake Estados Unidos,N 40° 45′ 38''W 111° 53′ 27'',40.760555555555555,-111.89083333333333
65,Estados Unidos,Jefferson (KY),0.35,Jefferson (KY) Estados Unidos,N 38° 15′ 15''W 85° 45′ 33'',38.25416666666667,-85.75916666666667
66,Estados Unidos,Davidson,0.38,Davidson Estados Unidos,N 36° 9′ 57''W 86° 47′ 4'',36.16583333333333,-86.78444444444445
67,Estados Unidos,Oklahoma,0.39,Oklahoma Estados Unidos,N 35° 28′ 3''W 97° 30′ 59'',35.4675,-97.51638888888888
68,Estados Unidos,Hartford,0.36,Hartford Estados Unidos,N 41° 45′ 49''W 72° 41′ 6'',41.76361111111111,-72.685
69,Estados Unidos,Virginia Beach,0.33,Virginia Beach Estados Unidos,N 36° 51′ 10''W 75° 58′ 40'',36.85277777777778,-75.97777777777777
70,Estados Unidos,Erie (NY),0.34,Erie (NY) Estados Unidos,N 42° 53′ 11''W 78° 52′ 42'',42.88638888888889,-78.87833333333333
72,Estados Unidos,Jefferson (AL),0.38,Jefferson (AL) Estados Unidos,N 33° 31′ 14''W 86° 48′ 9'',33.52055555555555,-86.8025
73,Estados Unidos,Pima,0.41,Pima Estados Unidos,N 32° 13′ 18''W 110° 55′ 35'',32.22166666666667,-110.9263888888889
74,Estados Unidos,Tulsa,0.39,Tulsa Estados Unidos,N 36° 9′ 14''W 95° 59′ 34'',36.153888888888886,-95.99277777777777
75,Estados Unidos,Albany,0.33,Albany Estados Unidos,N 42° 39′ 9''W 73° 45′ 22'',42.652499999999996,-73.75611111111111
76,Estados Unidos,Providence,0.38,Providence Estados Unidos,N 41° 49′ 26''W 71° 24′ 46'',41.823888888888895,-71.41277777777778
77,Estados Unidos,Douglas (NE),0.34,Douglas (NE) Estados Unidos,N 41° 15′ 22''W 95° 56′ 25'',41.25611111111111,-95.94027777777778
78,Estados Unidos,Kern,0.39,Kern Estados Unidos,N 35° 22′ 23''W 119° 1′ 7'',35.37305555555555,-119.01861111111111
79,Estados Unidos,Ventura,0.37,Ventura Estados Unidos,N 34° 16′ 42''W 119° 17′ 35'',34.27833333333333,-119.29305555555555
80,Estados Unidos,El Paso (TX),0.4,El Paso (TX) Estados Unidos,N 31° 45′ 31''W 106° 29′ 12'',31.75861111111111,-106.48666666666666
81,Estados Unidos,East Baton Rouge,0.38,East Baton Rouge Estados Unidos,N 30° 26′ 35''W 91° 11′ 14'',30.443055555555556,-91.18722222222223
82,Estados Unidos,Worcester,0.34,Worcester Estados Unidos,N 42° 15′ 45''W 71° 48′ 8'',42.2625,-71.80222222222221
83,Estados Unidos,Hidalgo,0.43,Hidalgo Estados Unidos,N 26° 12′ 12''W 98° 13′ 48'',26.203333333333333,-98.23
84,Estados Unidos,Richland,0.33,Richland Estados Unidos,N 46° 17′ 8''W 119° 17′ 4'',46.285555555555554,-119.28444444444445
85,Estados Unidos,Lehigh,0.34,Lehigh Estados Unidos,N 40° 36′ 30''W 75° 29′ 24'',40.608333333333334,-75.49
86,Estados Unidos,Sarasota,0.4,Sarasota Estados Unidos,N 27° 20′ 11''W 82° 31′ 50'',27.336388888888887,-82.53055555555555
87,Estados Unidos,Montgomery (OH),0.36,Montgomery (OH) Estados Unidos,N 39° 45′ 32''W 84° 11′ 29'',39.75888888888889,-84.1913888888889
88,Estados Unidos,San Joaquin,0.37,San Joaquin Estados Unidos,N 37° 57′ 27''W 121° 17′ 26'',37.9575,-121.29055555555556
89,Estados Unidos,Kent,0.36,Kent Estados Unidos,N 47° 22′ 51''W 122° 14′ 5'',47.380833333333335,-122.23472222222222
90,Estados Unidos,Charleston,0.35,Charleston Estados Unidos,N 32° 46′ 34''W 79° 55′ 57'',32.77611111111111,-79.9325
91,Estados Unidos,Onondaga,0.34,Onondaga Estados Unidos,N 43° 2′ 53''W 76° 8′ 50'',43.04805555555556,-76.14722222222223
92,Estados Unidos,El Paso (CO),0.33,El Paso (CO) Estados Unidos,N 38° 50′ 2''W 104° 49′ 16'',38.83388888888889,-104.82111111111111
93,Estados Unidos,Ada,0.37,Ada Estados Unidos,N 43° 36′ 48''W 116° 12′ 12'',43.61333333333334,-116.20333333333333
94,Estados Unidos,Hampden,0.36,Hampden Estados Unidos,N 42° 6′ 5''W 72° 35′ 23'',42.10138888888889,-72.58972222222222
95,Estados Unidos,Lee,0.4,Lee Estados Unidos,N 26° 37′ 31''W 81° 37′ 29'',26.62527777777778,-81.62472222222222
96,Estados Unidos,Sedgwick,0.35,Sedgwick Estados Unidos,N 37° 41′ 32''W 97° 20′ 15'',37.69222222222222,-97.33749999999999
97,Estados Unidos,Polk,0.34,Polk Estados Unidos,N 41° 36′ 1''W 93° 36′ 32'',41.60027777777778,-93.60888888888888
98,Estados Unidos,Dauphin,0.33,Dauphin Estados Unidos,N 40° 16′ 25''W 76° 53′ 3'',40.27361111111111,-76.88416666666667
99,Estados Unidos,Lucas,0.38,Lucas Estados Unidos,N 41° 39′ 50''W 83° 33′ 18'',41.663888888888884,-83.55499999999999
100,Estados Unidos,Pulaski,0.36,Pulaski Estados Unidos,N 34° 44′ 47''W 92° 17′ 22'',34.74638888888889,-92.28944444444444
101,Estados Unidos,Dane,0.34,Dane Estados Unidos,N 43° 4′ 23''W 89° 24′ 4'',43.073055555555555,-89.40111111111112
102,Estados Unidos,Brevard,0.36,Brevard Estados Unidos,N 28° 5′ 1''W 80° 36′ 29'',28.08361111111111,-80.60805555555555
103,Estados Unidos,Summit,0.37,Summit Estados Unidos,N 41° 4′ 53''W 81° 31′ 8'',41.081388888888895,-81.51888888888888
104,Estados Unidos,Hamilton (TN),0.38,Hamilton (TN) Estados Unidos,N 35° 2′ 44''W 85° 18′ 34'',35.04555555555555,-85.30944444444444
105,Estados Unidos,Utah,0.34,Utah Estados Unidos,N 39° 15′ 0''W 111° 45′ 3'',39.25,-111.75083333333333
106,Estados Unidos,Lancaster (PA),0.32,Lancaster (PA) Estados Unidos,N 40° 2′ 16''W 76° 18′ 19'',40.03777777777778,-76.30527777777777
107,Estados Unidos,Stanislaus,0.38,Stanislaus Estados Unidos,N 37° 38′ 20''W 120° 59′ 48'',37.638888888888886,-120.99666666666667
108,Estados Unidos,Greene,0.37,Greene Estados Unidos,N 37° 12′ 55''W 93° 17′ 53'',37.21527777777778,-93.29805555555555
109,Estados Unidos,Fayette,0.36,Fayette Estados Unidos,N 37° 59′ 19''W 84° 28′ 39'',37.98861111111111,-84.4775
110,Estados Unidos,Spokane,0.38,Spokane Estados Unidos,N 47° 39′ 34''W 117° 25′ 44'',47.659444444444446,-117.42888888888889
111,Estados Unidos,Guilford,0.39,Guilford Estados Unidos,N 36° 4′ 21''W 79° 47′ 31'',36.072500000000005,-79.79194444444444
112,Estados Unidos,Forsyth,0.39,Forsyth Estados Unidos,N 34° 12′ 26''W 84° 8′ 24'',34.20722222222223,-84.14
113,Estados Unidos,Washoe,0.4,Washoe Estados Unidos,N 39° 31′ 46''W 119° 48′ 49'',39.529444444444444,-119.81361111111111
